split,heldout,representation,model,n_train,n_test,R2,MAE
LOVQ,DALI::Q_DRIVER_RESPONSE_V1,YIELD_ONLY,linear,540,108,-0.21079430021071022,0.01187520386013677
LOVQ,DALI::Q_DRIVER_RESPONSE_V1,YIELD_ONLY,ridge,540,108,-0.2105005396738966,0.011874616998074294
LOVQ,DALI::Q_DRIVER_RESPONSE_V1,YIELD_ONLY,depth2_tree,540,108,-0.05544935281676655,0.009895339762413937
LOVQ,DALI::Q_DRIVER_RESPONSE_V1,YIELD_PLUS_PUBLIC_GEOMETRY,linear,540,108,0.020286810200881744,0.009516723666085731
LOVQ,DALI::Q_DRIVER_RESPONSE_V1,YIELD_PLUS_PUBLIC_GEOMETRY,ridge,540,108,0.02654636182888548,0.009469936245541733
LOVQ,DALI::Q_DRIVER_RESPONSE_V1,YIELD_PLUS_PUBLIC_GEOMETRY,depth2_tree,540,108,-0.11820873747742233,0.009020019404965931
LOVQ,DALI::Q_DRIVER_RESPONSE_V1,REFERENCE_DIAGNOSTIC,linear,540,108,-0.029575015146765082,0.00954557212351135
LOVQ,DALI::Q_DRIVER_RESPONSE_V1,REFERENCE_DIAGNOSTIC,ridge,540,108,-0.0250676740960305,0.009513851307761475
LOVQ,DALI::Q_DRIVER_RESPONSE_V1,REFERENCE_DIAGNOSTIC,depth2_tree,540,108,-0.2616617867773601,0.011371781304970015
LOVQ,DALI::Q_VULNERABLE_ROAD_USER_CONFLICT_V1,YIELD_ONLY,linear,540,108,-0.0038563794827832787,0.020974207900722592
LOVQ,DALI::Q_VULNERABLE_ROAD_USER_CONFLICT_V1,YIELD_ONLY,ridge,540,108,-0.003845370816530247,0.02097187586278813
LOVQ,DALI::Q_VULNERABLE_ROAD_USER_CONFLICT_V1,YIELD_ONLY,depth2_tree,540,108,-0.025912075901692866,0.019353528349408098
LOVQ,DALI::Q_VULNERABLE_ROAD_USER_CONFLICT_V1,YIELD_PLUS_PUBLIC_GEOMETRY,linear,540,108,0.05519066705616027,0.019294913795521253
LOVQ,DALI::Q_VULNERABLE_ROAD_USER_CONFLICT_V1,YIELD_PLUS_PUBLIC_GEOMETRY,ridge,540,108,0.05516212759625483,0.01931898696938322
LOVQ,DALI::Q_VULNERABLE_ROAD_USER_CONFLICT_V1,YIELD_PLUS_PUBLIC_GEOMETRY,depth2_tree,540,108,0.07903728894376671,0.018644206265906557
LOVQ,DALI::Q_VULNERABLE_ROAD_USER_CONFLICT_V1,REFERENCE_DIAGNOSTIC,linear,540,108,0.051068307940492996,0.016029874257783336
LOVQ,DALI::Q_VULNERABLE_ROAD_USER_CONFLICT_V1,REFERENCE_DIAGNOSTIC,ridge,540,108,0.05137043516043127,0.01606751141403617
LOVQ,DALI::Q_VULNERABLE_ROAD_USER_CONFLICT_V1,REFERENCE_DIAGNOSTIC,depth2_tree,540,108,-0.03846153846153855,0.009259259259259259
LOVQ,HANGZHOU::Q_DRIVER_RESPONSE_V1,YIELD_ONLY,linear,540,108,0.0382028277001244,0.010858775490182302
LOVQ,HANGZHOU::Q_DRIVER_RESPONSE_V1,YIELD_ONLY,ridge,540,108,0.03815615530066663,0.010858693549646059
LOVQ,HANGZHOU::Q_DRIVER_RESPONSE_V1,YIELD_ONLY,depth2_tree,540,108,0.14122961688290026,0.01027865948404949
LOVQ,HANGZHOU::Q_DRIVER_RESPONSE_V1,YIELD_PLUS_PUBLIC_GEOMETRY,linear,540,108,0.11099429299500774,0.00921719372793354
LOVQ,HANGZHOU::Q_DRIVER_RESPONSE_V1,YIELD_PLUS_PUBLIC_GEOMETRY,ridge,540,108,0.11116456356714244,0.009223050262319859
LOVQ,HANGZHOU::Q_DRIVER_RESPONSE_V1,YIELD_PLUS_PUBLIC_GEOMETRY,depth2_tree,540,108,-1.2779144222080387,0.013546202017569564
LOVQ,HANGZHOU::Q_DRIVER_RESPONSE_V1,REFERENCE_DIAGNOSTIC,linear,540,108,-0.3849760268967475,0.013906630246160675
LOVQ,HANGZHOU::Q_DRIVER_RESPONSE_V1,REFERENCE_DIAGNOSTIC,ridge,540,108,-0.3819206788313194,0.013896068096173449
LOVQ,HANGZHOU::Q_DRIVER_RESPONSE_V1,REFERENCE_DIAGNOSTIC,depth2_tree,540,108,-0.35298170297238274,0.012731303811558204
LOVQ,HANGZHOU::Q_VULNERABLE_ROAD_USER_CONFLICT_V1,YIELD_ONLY,linear,540,108,-0.022943492338702853,0.01784817823042956
LOVQ,HANGZHOU::Q_VULNERABLE_ROAD_USER_CONFLICT_V1,YIELD_ONLY,ridge,540,108,-0.02288745010967319,0.01784876573932966
LOVQ,HANGZHOU::Q_VULNERABLE_ROAD_USER_CONFLICT_V1,YIELD_ONLY,depth2_tree,540,108,-0.160891783550545,0.01831583331361734
LOVQ,HANGZHOU::Q_VULNERABLE_ROAD_USER_CONFLICT_V1,YIELD_PLUS_PUBLIC_GEOMETRY,linear,540,108,0.13900822076513952,0.015447248815156071
LOVQ,HANGZHOU::Q_VULNERABLE_ROAD_USER_CONFLICT_V1,YIELD_PLUS_PUBLIC_GEOMETRY,ridge,540,108,0.1409846072281975,0.015399122112843756
LOVQ,HANGZHOU::Q_VULNERABLE_ROAD_USER_CONFLICT_V1,YIELD_PLUS_PUBLIC_GEOMETRY,depth2_tree,540,108,0.0061162594831959405,0.015428646719974168
LOVQ,HANGZHOU::Q_VULNERABLE_ROAD_USER_CONFLICT_V1,REFERENCE_DIAGNOSTIC,linear,540,108,0.08710419964574878,0.015607727935378353
LOVQ,HANGZHOU::Q_VULNERABLE_ROAD_USER_CONFLICT_V1,REFERENCE_DIAGNOSTIC,ridge,540,108,0.08889485017943177,0.01556187339504387
LOVQ,HANGZHOU::Q_VULNERABLE_ROAD_USER_CONFLICT_V1,REFERENCE_DIAGNOSTIC,depth2_tree,540,108,-0.018774839265571774,0.013146438913248692
LOVQ,WUHAN::Q_DRIVER_RESPONSE_V1,YIELD_ONLY,linear,540,108,-0.4619271330034773,0.02503947004209419
LOVQ,WUHAN::Q_DRIVER_RESPONSE_V1,YIELD_ONLY,ridge,540,108,-0.46195573638414644,0.025039846836166564
LOVQ,WUHAN::Q_DRIVER_RESPONSE_V1,YIELD_ONLY,depth2_tree,540,108,-0.4944245473766453,0.02413790456755234
LOVQ,WUHAN::Q_DRIVER_RESPONSE_V1,YIELD_PLUS_PUBLIC_GEOMETRY,linear,540,108,-0.7400850010955782,0.027224165320527842
LOVQ,WUHAN::Q_DRIVER_RESPONSE_V1,YIELD_PLUS_PUBLIC_GEOMETRY,ridge,540,108,-0.7341789089216426,0.027179946180865437
LOVQ,WUHAN::Q_DRIVER_RESPONSE_V1,YIELD_PLUS_PUBLIC_GEOMETRY,depth2_tree,540,108,-0.30184401791825466,0.022529657183683785
LOVQ,WUHAN::Q_DRIVER_RESPONSE_V1,REFERENCE_DIAGNOSTIC,linear,540,108,-0.7385176353133978,0.027208961686698802
LOVQ,WUHAN::Q_DRIVER_RESPONSE_V1,REFERENCE_DIAGNOSTIC,ridge,540,108,-0.7318283967547943,0.02715709940029794
LOVQ,WUHAN::Q_DRIVER_RESPONSE_V1,REFERENCE_DIAGNOSTIC,depth2_tree,540,108,-0.30184401791825466,0.022529657183683785
LOVQ,WUHAN::Q_VULNERABLE_ROAD_USER_CONFLICT_V1,YIELD_ONLY,linear,540,108,0.0,0.012598137590595592
LOVQ,WUHAN::Q_VULNERABLE_ROAD_USER_CONFLICT_V1,YIELD_ONLY,ridge,540,108,0.0,0.012599141833977647
LOVQ,WUHAN::Q_VULNERABLE_ROAD_USER_CONFLICT_V1,YIELD_ONLY,depth2_tree,540,108,0.0,0.013446063531727715
LOVQ,WUHAN::Q_VULNERABLE_ROAD_USER_CONFLICT_V1,YIELD_PLUS_PUBLIC_GEOMETRY,linear,540,108,0.0,0.026486975897549322
LOVQ,WUHAN::Q_VULNERABLE_ROAD_USER_CONFLICT_V1,YIELD_PLUS_PUBLIC_GEOMETRY,ridge,540,108,0.0,0.02638984086356282
LOVQ,WUHAN::Q_VULNERABLE_ROAD_USER_CONFLICT_V1,YIELD_PLUS_PUBLIC_GEOMETRY,depth2_tree,540,108,0.0,0.025261688749874858
LOVQ,WUHAN::Q_VULNERABLE_ROAD_USER_CONFLICT_V1,REFERENCE_DIAGNOSTIC,linear,540,108,0.0,0.026526341790676516
LOVQ,WUHAN::Q_VULNERABLE_ROAD_USER_CONFLICT_V1,REFERENCE_DIAGNOSTIC,ridge,540,108,0.0,0.026425484940566055
LOVQ,WUHAN::Q_VULNERABLE_ROAD_USER_CONFLICT_V1,REFERENCE_DIAGNOSTIC,depth2_tree,540,108,0.0,0.025261688749874858
LOVQ,MACRO_MEAN,REFERENCE_DIAGNOSTIC,depth2_tree,3240,648,-0.16228731423251797,0.015716688203765802
LOVQ,MACRO_MEAN,REFERENCE_DIAGNOSTIC,linear,3240,648,-0.16914936162844474,0.018137518006701506
LOVQ,MACRO_MEAN,REFERENCE_DIAGNOSTIC,ridge,3240,648,-0.16642524405704687,0.01810364809231316
LOVQ,MACRO_MEAN,YIELD_ONLY,depth2_tree,3240,648,-0.09924135712712491,0.01590455483479482
LOVQ,MACRO_MEAN,YIELD_ONLY,linear,3240,648,-0.11021974622259155,0.016532328852360167
LOVQ,MACRO_MEAN,YIELD_ONLY,ridge,3240,648,-0.1101721569472633,0.01653215680333039
LOVQ,MACRO_MEAN,YIELD_PLUS_PUBLIC_GEOMETRY,depth2_tree,3240,648,-0.26880227152945885,0.01740507005699581
LOVQ,MACRO_MEAN,YIELD_PLUS_PUBLIC_GEOMETRY,linear,3240,648,-0.06910083501306481,0.017864536870462296
LOVQ,MACRO_MEAN,YIELD_PLUS_PUBLIC_GEOMETRY,ridge,3240,648,-0.0667202081168604,0.017830147105752803
