source_dataset,session_id,source_sha256,model_split_role,video_id,query_id,unit_id,track_id,class_id,observations,track_persistence,path_directed_lateral_motion,box_growth,front_region_occupancy,approximate_ttc_urgency,lane_relative_motion,boundary_crossing,ego_corridor_overlap,road_geometry_reliability,track_persistence_normalized,path_directed_lateral_motion_normalized,box_growth_normalized,front_region_occupancy_normalized,approximate_ttc_urgency_normalized,candidate_score,verification_key,label_scope,witness_track_id,opportunity_id
nexar_collision_prediction,nexar:01090.mp4,fba1834f7b522e16ec440e3ad73a8e72dc7cdd1a8478f156d1c03488cd4396d8,pool_audit,nexar:01090.mp4,Q1,0,1,2,50,50.0,0.023785591125488614,0.2743845514971758,0.7618701047994302,0.13658250825082602,0.0,0.0,0.0,0.0,0.9888888888888889,0.7894736842105263,0.15384615384615385,1.0,0.13157894736842105,0.612757534862798,nexar_collision_prediction|nexar:01090.mp4|Q1|0,UNIT_OUTCOME_WITH_TRACK_WITNESS,1,nexar_collision_prediction|nexar:01090.mp4|Q1|0|track:1
nexar_collision_prediction,nexar:01090.mp4,fba1834f7b522e16ec440e3ad73a8e72dc7cdd1a8478f156d1c03488cd4396d8,pool_audit,nexar:01090.mp4,Q1,0,2,2,17,17.0,0.0,1.745874596400587,0.4243372938007491,0.8776793824977683,0.0,0.0,0.0,0.0,0.7444444444444445,0.0,0.5897435897435898,0.5121951219512195,0.5526315789473685,0.4798029470173245,nexar_collision_prediction|nexar:01090.mp4|Q1|0,UNIT_OUTCOME_WITH_TRACK_WITNESS,2,nexar_collision_prediction|nexar:01090.mp4|Q1|0|track:2
nexar_collision_prediction,nexar:01090.mp4,fba1834f7b522e16ec440e3ad73a8e72dc7cdd1a8478f156d1c03488cd4396d8,pool_audit,nexar:01090.mp4,Q1,0,3,2,7,7.0,0.0,2.662782127006881,0.0,1.6249753195074403,0.0,0.0,0.0,0.0,0.4777777777777778,0.0,0.8974358974358975,0.0,0.8947368421052632,0.4539901034637877,nexar_collision_prediction|nexar:01090.mp4|Q1|0,UNIT_OUTCOME_WITH_TRACK_WITNESS,3,nexar_collision_prediction|nexar:01090.mp4|Q1|0|track:3
nexar_collision_prediction,nexar:01090.mp4,fba1834f7b522e16ec440e3ad73a8e72dc7cdd1a8478f156d1c03488cd4396d8,pool_audit,nexar:01090.mp4,Q1,0,4,2,1,1.0,0.0,0.0,0.0,0.0,0.0,0.0,0.0,0.0,0.06666666666666667,0.0,0.0,0.0,0.0,0.013333333333333332,nexar_collision_prediction|nexar:01090.mp4|Q1|0,UNIT_OUTCOME_WITH_TRACK_WITNESS,4,nexar_collision_prediction|nexar:01090.mp4|Q1|0|track:4
nexar_collision_prediction,nexar:01090.mp4,fba1834f7b522e16ec440e3ad73a8e72dc7cdd1a8478f156d1c03488cd4396d8,pool_audit,nexar:01090.mp4,Q1,0,9,7,4,4.0,0.09817439317703261,0.06290317968137293,0.18393251994104104,0.043132866855881906,0.0,0.0,0.0,0.0,0.28888888888888886,1.0,0.07692307692307693,0.07317073170731707,0.07894736842105263,0.3035860131880671,nexar_collision_prediction|nexar:01090.mp4|Q1|0,UNIT_OUTCOME_WITH_TRACK_WITNESS,9,nexar_collision_prediction|nexar:01090.mp4|Q1|0|track:9
nexar_collision_prediction,nexar:01090.mp4,fba1834f7b522e16ec440e3ad73a8e72dc7cdd1a8478f156d1c03488cd4396d8,pool_audit,nexar:01090.mp4,Q1,0,16,2,21,21.0,0.0,1.7287685139841842,0.3254279599248062,0.8922479793374662,0.0,0.0,0.0,0.0,0.8222222222222222,0.0,0.5641025641025641,0.14634146341463414,0.5789473684210527,0.42232272363209467,nexar_collision_prediction|nexar:01090.mp4|Q1|0,UNIT_OUTCOME_WITH_TRACK_WITNESS,16,nexar_collision_prediction|nexar:01090.mp4|Q1|0|track:16
nexar_collision_prediction,nexar:01090.mp4,fba1834f7b522e16ec440e3ad73a8e72dc7cdd1a8478f156d1c03488cd4396d8,pool_audit,nexar:01090.mp4,Q1,0,33,2,11,11.0,0.0,0.18658168655919177,0.4126376860376978,0.0,0.0,0.0,0.0,0.0,0.6222222222222222,0.0,0.1282051282051282,0.43902439024390244,0.0,0.23789034813425056,nexar_collision_prediction|nexar:01090.mp4|Q1|0,UNIT_OUTCOME_WITH_TRACK_WITNESS,33,nexar_collision_prediction|nexar:01090.mp4|Q1|0|track:33
nexar_collision_prediction,nexar:01090.mp4,fba1834f7b522e16ec440e3ad73a8e72dc7cdd1a8478f156d1c03488cd4396d8,pool_audit,nexar:01090.mp4,Q1,1,1,2,50,50.0,0.023150682449341126,2.2757108181785375,0.7467154795877933,1.289604898780028,0.0,0.0,0.0,0.0,0.9888888888888889,0.7368421052631579,0.7948717948717948,0.975609756097561,0.7894736842105263,0.8571372458663857,nexar_collision_prediction|nexar:01090.mp4|Q1|1,UNIT_OUTCOME_WITH_TRACK_WITNESS,1,nexar_collision_prediction|nexar:01090.mp4|Q1|1|track:1
nexar_collision_prediction,nexar:01090.mp4,fba1834f7b522e16ec440e3ad73a8e72dc7cdd1a8478f156d1c03488cd4396d8,pool_audit,nexar:01090.mp4,Q1,1,4,2,9,9.0,0.0,0.4043526852411527,0.37992430211856526,0.19455481744122718,0.0,0.0,0.0,0.0,0.5777777777777777,0.0,0.20512820512820512,0.34146341463414637,0.18421052631578946,0.26171598477118374,nexar_collision_prediction|nexar:01090.mp4|Q1|1,UNIT_OUTCOME_WITH_TRACK_WITNESS,4,nexar_collision_prediction|nexar:01090.mp4|Q1|1|track:4
nexar_collision_prediction,nexar:01090.mp4,fba1834f7b522e16ec440e3ad73a8e72dc7cdd1a8478f156d1c03488cd4396d8,pool_audit,nexar:01090.mp4,Q1,1,7,2,21,21.0,0.00607264041900648,2.937644771037733,0.46986162178897456,1.712279748877784,0.0,0.0,0.0,0.0,0.8222222222222222,0.3157894736842105,0.9487179487179487,0.6829268292682927,0.9473684210526315,0.7434049789890611,nexar_collision_prediction|nexar:01090.mp4|Q1|1,UNIT_OUTCOME_WITH_TRACK_WITNESS,7,nexar_collision_prediction|nexar:01090.mp4|Q1|1|track:7
nexar_collision_prediction,nexar:01090.mp4,fba1834f7b522e16ec440e3ad73a8e72dc7cdd1a8478f156d1c03488cd4396d8,pool_audit,nexar:01090.mp4,Q1,1,27,2,6,6.0,0.001343727111816633,1.2165623524871187,0.4642876927098566,0.6396597405052884,0.0,0.0,0.0,0.0,0.4111111111111111,0.21052631578947367,0.4358974358974359,0.6585365853658537,0.42105263157894735,0.42742481594856435,nexar_collision_prediction|nexar:01090.mp4|Q1|1,UNIT_OUTCOME_WITH_TRACK_WITNESS,27,nexar_collision_prediction|nexar:01090.mp4|Q1|1|track:27
nexar_collision_prediction,nexar:01090.mp4,fba1834f7b522e16ec440e3ad73a8e72dc7cdd1a8478f156d1c03488cd4396d8,pool_audit,nexar:01090.mp4,Q1,1,32,2,4,4.0,0.0,0.6015739536764689,0.5264128885644985,0.3080764882477242,0.0,0.0,0.0,0.0,0.28888888888888886,0.0,0.2564102564102564,0.8780487804878049,0.23684210526315788,0.3320380062100216,nexar_collision_prediction|nexar:01090.mp4|Q1|1,UNIT_OUTCOME_WITH_TRACK_WITNESS,32,nexar_collision_prediction|nexar:01090.mp4|Q1|1|track:32
nexar_collision_prediction,nexar:01090.mp4,fba1834f7b522e16ec440e3ad73a8e72dc7cdd1a8478f156d1c03488cd4396d8,pool_audit,nexar:01090.mp4,Q1,1,43,2,8,8.0,0.0,0.8938806559469755,0.4353335785566015,0.4562610861102814,0.0,0.0,0.0,0.0,0.5222222222222223,0.0,0.3333333333333333,0.5609756097560976,0.3157894736842105,0.3464641277991728,nexar_collision_prediction|nexar:01090.mp4|Q1|1,UNIT_OUTCOME_WITH_TRACK_WITNESS,43,nexar_collision_prediction|nexar:01090.mp4|Q1|1|track:43
nexar_collision_prediction,nexar:01090.mp4,fba1834f7b522e16ec440e3ad73a8e72dc7cdd1a8478f156d1c03488cd4396d8,pool_audit,nexar:01090.mp4,Q1,1,45,2,1,1.0,0.0,0.0,0.4063708690722707,0.0,0.0,0.0,0.0,0.0,0.06666666666666667,0.0,0.0,0.4146341463414634,0.0,0.09626016260162601,nexar_collision_prediction|nexar:01090.mp4|Q1|1,UNIT_OUTCOME_WITH_TRACK_WITNESS,45,nexar_collision_prediction|nexar:01090.mp4|Q1|1|track:45
nexar_collision_prediction,nexar:01090.mp4,fba1834f7b522e16ec440e3ad73a8e72dc7cdd1a8478f156d1c03488cd4396d8,pool_audit,nexar:01090.mp4,Q1,1,64,2,4,4.0,0.012118101119994834,0.33637096215781576,0.3683087289808222,0.18101910390997986,0.0,0.0,0.0,0.0,0.28888888888888886,0.5789473684210527,0.1794871794871795,0.2682926829268293,0.15789473684210525,0.2947021713132111,nexar_collision_prediction|nexar:01090.mp4|Q1|1,UNIT_OUTCOME_WITH_TRACK_WITNESS,64,nexar_collision_prediction|nexar:01090.mp4|Q1|1|track:64
nexar_collision_prediction,nexar:01090.mp4,fba1834f7b522e16ec440e3ad73a8e72dc7cdd1a8478f156d1c03488cd4396d8,pool_audit,nexar:01090.mp4,Q1,2,1,2,41,41.0,0.03790694475173952,2.319768749969206,0.3962450831934176,1.2694776660478264,0.0,0.0,0.0,0.0,0.8888888888888888,0.9473684210526315,0.8205128205128205,0.3902439024390244,0.7631578947368421,0.7620343855260414,nexar_collision_prediction|nexar:01090.mp4|Q1|2,UNIT_OUTCOME_WITH_TRACK_WITNESS,1,nexar_collision_prediction|nexar:01090.mp4|Q1|2|track:1
nexar_collision_prediction,nexar:01090.mp4,fba1834f7b522e16ec440e3ad73a8e72dc7cdd1a8478f156d1c03488cd4396d8,pool_audit,nexar:01090.mp4,Q1,2,3,2,47,47.0,0.020504653453826852,2.3793596938448283,0.36417861841480764,1.451696086878383,0.0,0.0,0.0,0.0,0.9444444444444444,0.6842105263157895,0.8461538461538461,0.24390243902439024,0.8421052631578947,0.712163303819273,nexar_collision_prediction|nexar:01090.mp4|Q1|2,UNIT_OUTCOME_WITH_TRACK_WITNESS,3,nexar_collision_prediction|nexar:01090.mp4|Q1|2|track:3
nexar_collision_prediction,nexar:01090.mp4,fba1834f7b522e16ec440e3ad73a8e72dc7cdd1a8478f156d1c03488cd4396d8,pool_audit,nexar:01090.mp4,Q1,2,7,2,14,14.0,0.027326345443725683,0.9205822113582777,0.7161501950406819,0.5286735796168557,0.0,0.0,0.0,0.0,0.7111111111111111,0.8947368421052632,0.38461538461538464,0.926829268292683,0.3684210526315789,0.6571427317512042,nexar_collision_prediction|nexar:01090.mp4|Q1|2,UNIT_OUTCOME_WITH_TRACK_WITNESS,7,nexar_collision_prediction|nexar:01090.mp4|Q1|2|track:7
nexar_collision_prediction,nexar:01090.mp4,fba1834f7b522e16ec440e3ad73a8e72dc7cdd1a8478f156d1c03488cd4396d8,pool_audit,nexar:01090.mp4,Q1,2,14,2,43,43.0,0.010462522506713829,1.7880749917621748,0.4758573429563976,0.918687089691374,0.0,0.0,0.0,0.0,0.9111111111111111,0.47368421052631576,0.6153846153846154,0.7073170731707317,0.6052631578947368,0.6625520336175021,nexar_collision_prediction|nexar:01090.mp4|Q1|2,UNIT_OUTCOME_WITH_TRACK_WITNESS,14,nexar_collision_prediction|nexar:01090.mp4|Q1|2|track:14
nexar_collision_prediction,nexar:01090.mp4,fba1834f7b522e16ec440e3ad73a8e72dc7cdd1a8478f156d1c03488cd4396d8,pool_audit,nexar:01090.mp4,Q1,2,25,2,34,34.0,0.025150537490844595,0.6654022568504259,0.5864988268267673,0.35463648372016987,0.0,0.0,0.0,0.0,0.8666666666666667,0.8421052631578947,0.28205128205128205,0.9024390243902439,0.2631578947368421,0.6312840262005859,nexar_collision_prediction|nexar:01090.mp4|Q1|2,UNIT_OUTCOME_WITH_TRACK_WITNESS,25,nexar_collision_prediction|nexar:01090.mp4|Q1|2|track:25
nexar_collision_prediction,nexar:01090.mp4,fba1834f7b522e16ec440e3ad73a8e72dc7cdd1a8478f156d1c03488cd4396d8,pool_audit,nexar:01090.mp4,Q1,2,67,2,2,2.0,0.0,0.0,0.4904166064334277,0.0,0.0,0.0,0.0,0.0,0.17777777777777778,0.0,0.0,0.7804878048780488,0.0,0.19165311653116532,nexar_collision_prediction|nexar:01090.mp4|Q1|2,UNIT_OUTCOME_WITH_TRACK_WITNESS,67,nexar_collision_prediction|nexar:01090.mp4|Q1|2|track:67
nexar_collision_prediction,nexar:01090.mp4,fba1834f7b522e16ec440e3ad73a8e72dc7cdd1a8478f156d1c03488cd4396d8,pool_audit,nexar:01090.mp4,Q1,2,72,2,3,3.0,0.001164913177490183,0.9091544157580409,0.4932713991234656,0.47605334569670205,0.0,0.0,0.0,0.0,0.24444444444444444,0.15789473684210525,0.358974358974359,0.8292682926829268,0.34210526315789475,0.386537419220346,nexar_collision_prediction|nexar:01090.mp4|Q1|2,UNIT_OUTCOME_WITH_TRACK_WITNESS,72,nexar_collision_prediction|nexar:01090.mp4|Q1|2|track:72
nexar_collision_prediction,nexar:01090.mp4,fba1834f7b522e16ec440e3ad73a8e72dc7cdd1a8478f156d1c03488cd4396d8,pool_audit,nexar:01090.mp4,Q1,2,76,2,1,1.0,0.0,0.0,0.43751374269719234,0.0,0.0,0.0,0.0,0.0,0.06666666666666667,0.0,0.0,0.5853658536585366,0.0,0.13040650406504065,nexar_collision_prediction|nexar:01090.mp4|Q1|2,UNIT_OUTCOME_WITH_TRACK_WITNESS,76,nexar_collision_prediction|nexar:01090.mp4|Q1|2|track:76
nexar_collision_prediction,nexar:01090.mp4,fba1834f7b522e16ec440e3ad73a8e72dc7cdd1a8478f156d1c03488cd4396d8,pool_audit,nexar:01090.mp4,Q1,2,83,2,2,2.0,0.0029828429222107378,0.11427133700065427,0.15496202818917387,0.0592457431711664,0.0,0.0,0.0,0.0,0.17777777777777778,0.2631578947368421,0.10256410256410256,0.04878048780487805,0.10526315789473684,0.13950868415566747,nexar_collision_prediction|nexar:01090.mp4|Q1|2,UNIT_OUTCOME_WITH_TRACK_WITNESS,83,nexar_collision_prediction|nexar:01090.mp4|Q1|2|track:83
nexar_collision_prediction,nexar:01090.mp4,fba1834f7b522e16ec440e3ad73a8e72dc7cdd1a8478f156d1c03488cd4396d8,pool_audit,nexar:01090.mp4,Q1,2,90,2,7,7.0,0.0,1.8305351008402913,0.3863861724485307,0.9219811929186296,0.0,0.0,0.0,0.0,0.4777777777777778,0.0,0.6666666666666666,0.36585365853658536,0.631578947368421,0.42837541006989016,nexar_collision_prediction|nexar:01090.mp4|Q1|2,UNIT_OUTCOME_WITH_TRACK_WITNESS,90,nexar_collision_prediction|nexar:01090.mp4|Q1|2|track:90
nexar_collision_prediction,nexar:01090.mp4,fba1834f7b522e16ec440e3ad73a8e72dc7cdd1a8478f156d1c03488cd4396d8,pool_audit,nexar:01090.mp4,Q1,2,97,2,6,6.0,0.0,1.321573972829394,0.4218984654349332,0.6620935832050667,0.0,0.0,0.0,0.0,0.4111111111111111,0.0,0.48717948717948717,0.4878048780487805,0.4473684210526316,0.36669277947840206,nexar_collision_prediction|nexar:01090.mp4|Q1|2,UNIT_OUTCOME_WITH_TRACK_WITNESS,97,nexar_collision_prediction|nexar:01090.mp4|Q1|2|track:97
nexar_collision_prediction,nexar:01090.mp4,fba1834f7b522e16ec440e3ad73a8e72dc7cdd1a8478f156d1c03488cd4396d8,pool_audit,nexar:01090.mp4,Q1,2,99,2,6,6.0,0.0,1.3108568712262891,0.44018406047272335,0.7032256577506858,0.0,0.0,0.0,0.0,0.4111111111111111,0.0,0.46153846153846156,0.6097560975609756,0.47368421052631576,0.3912179761473728,nexar_collision_prediction|nexar:01090.mp4|Q1|2,UNIT_OUTCOME_WITH_TRACK_WITNESS,99,nexar_collision_prediction|nexar:01090.mp4|Q1|2|track:99
nexar_collision_prediction,nexar:01090.mp4,fba1834f7b522e16ec440e3ad73a8e72dc7cdd1a8478f156d1c03488cd4396d8,pool_audit,nexar:01090.mp4,Q1,2,107,2,2,2.0,0.000525832176208609,0.05118679437522898,0.48825149690744485,0.021856185300439736,0.0,0.0,0.0,0.0,0.17777777777777778,0.10526315789473684,0.05128205128205128,0.7560975609756098,0.05263157894736842,0.2286104253755088,nexar_collision_prediction|nexar:01090.mp4|Q1|2,UNIT_OUTCOME_WITH_TRACK_WITNESS,107,nexar_collision_prediction|nexar:01090.mp4|Q1|2|track:107
nexar_collision_prediction,nexar:01090.mp4,fba1834f7b522e16ec440e3ad73a8e72dc7cdd1a8478f156d1c03488cd4396d8,pool_audit,nexar:01090.mp4,Q1,2,108,2,2,2.0,0.0,1.4815147441744962,0.3373367132389345,0.794672679782476,0.0,0.0,0.0,0.0,0.17777777777777778,0.0,0.5128205128205128,0.17073170731707318,0.5,0.27226599958307274,nexar_collision_prediction|nexar:01090.mp4|Q1|2,UNIT_OUTCOME_WITH_TRACK_WITNESS,108,nexar_collision_prediction|nexar:01090.mp4|Q1|2|track:108
nexar_collision_prediction,nexar:01090.mp4,fba1834f7b522e16ec440e3ad73a8e72dc7cdd1a8478f156d1c03488cd4396d8,pool_audit,nexar:01090.mp4,Q1,2,59,2,1,1.0,4.210358574275293e-05,0.005469591755310151,0.028269021604864848,0.0,0.0,0.0,0.0,0.0,0.06666666666666667,0.05263157894736842,0.02564102564102564,0.024390243902439025,0.0,0.03386590303149995,nexar_collision_prediction|nexar:01090.mp4|Q1|2,UNIT_OUTCOME_WITH_TRACK_WITNESS,59,nexar_collision_prediction|nexar:01090.mp4|Q1|2|track:59
nexar_collision_prediction,nexar:01090.mp4,fba1834f7b522e16ec440e3ad73a8e72dc7cdd1a8478f156d1c03488cd4396d8,pool_audit,nexar:01090.mp4,Q1,3,1,2,5,5.0,0.01406860351562496,2.072685259925795,0.0,1.1926672115280974,0.0,0.0,0.0,0.0,0.34444444444444444,0.631578947368421,0.6923076923076923,0.0,0.7368421052631579,0.48103463787674317,nexar_collision_prediction|nexar:01090.mp4|Q1|3,UNIT_OUTCOME_WITH_TRACK_WITNESS,1,nexar_collision_prediction|nexar:01090.mp4|Q1|3|track:1
nexar_collision_prediction,nexar:01090.mp4,fba1834f7b522e16ec440e3ad73a8e72dc7cdd1a8478f156d1c03488cd4396d8,pool_audit,nexar:01090.mp4,Q1,3,2,2,13,13.0,0.0,2.079234260613008,0.3535771454924543,1.1127839061153275,0.0,0.0,0.0,0.0,0.6777777777777778,0.0,0.717948717948718,0.21951219512195122,0.7105263157894737,0.4651530013275841,nexar_collision_prediction|nexar:01090.mp4|Q1|3,UNIT_OUTCOME_WITH_TRACK_WITNESS,2,nexar_collision_prediction|nexar:01090.mp4|Q1|3|track:2
nexar_collision_prediction,nexar:01090.mp4,fba1834f7b522e16ec440e3ad73a8e72dc7cdd1a8478f156d1c03488cd4396d8,pool_audit,nexar:01090.mp4,Q1,3,3,2,47,47.0,0.009330749511719172,1.1262622438454077,0.7187876232691633,0.6186699949101749,0.0,0.0,0.0,0.0,0.9444444444444444,0.42105263157894735,0.41025641025641024,0.9512195121951219,0.39473684210526316,0.6243419681160375,nexar_collision_prediction|nexar:01090.mp4|Q1|3,UNIT_OUTCOME_WITH_TRACK_WITNESS,3,nexar_collision_prediction|nexar:01090.mp4|Q1|3|track:3
nexar_collision_prediction,nexar:01090.mp4,fba1834f7b522e16ec440e3ad73a8e72dc7cdd1a8478f156d1c03488cd4396d8,pool_audit,nexar:01090.mp4,Q1,3,4,2,2,2.0,0.0,0.0,0.0,0.009601049241199092,0.0,0.0,0.0,0.0,0.17777777777777778,0.0,0.0,0.0,0.02631578947368421,0.0408187134502924,nexar_collision_prediction|nexar:01090.mp4|Q1|3,UNIT_OUTCOME_WITH_TRACK_WITNESS,4,nexar_collision_prediction|nexar:01090.mp4|Q1|3|track:4
nexar_collision_prediction,nexar:01090.mp4,fba1834f7b522e16ec440e3ad73a8e72dc7cdd1a8478f156d1c03488cd4396d8,pool_audit,nexar:01090.mp4,Q1,3,5,2,9,9.0,0.0,4.527108032771847,0.35110984815813334,2.9600007240559445,0.0,0.0,0.0,0.0,0.5777777777777777,0.0,1.0,0.1951219512195122,1.0,0.554579945799458,nexar_collision_prediction|nexar:01090.mp4|Q1|3,UNIT_OUTCOME_WITH_TRACK_WITNESS,5,nexar_collision_prediction|nexar:01090.mp4|Q1|3|track:5
nexar_collision_prediction,nexar:01090.mp4,fba1834f7b522e16ec440e3ad73a8e72dc7cdd1a8478f156d1c03488cd4396d8,pool_audit,nexar:01090.mp4,Q1,3,6,2,5,5.0,0.0,2.564128801102975,0.21920527996669978,1.4580888874809983,0.0,0.0,0.0,0.0,0.34444444444444444,0.0,0.8717948717948718,0.12195121951219512,0.868421052631579,0.44132231767661806,nexar_collision_prediction|nexar:01090.mp4|Q1|3,UNIT_OUTCOME_WITH_TRACK_WITNESS,6,nexar_collision_prediction|nexar:01090.mp4|Q1|3|track:6
nexar_collision_prediction,nexar:01090.mp4,fba1834f7b522e16ec440e3ad73a8e72dc7cdd1a8478f156d1c03488cd4396d8,pool_audit,nexar:01090.mp4,Q1,3,7,2,6,6.0,0.0,0.5280488195100663,0.4798852057726537,0.26495323841429447,0.0,0.0,0.0,0.0,0.4111111111111111,0.0,0.23076923076923078,0.7317073170731707,0.21052631578947367,0.3168227949485972,nexar_collision_prediction|nexar:01090.mp4|Q1|3,UNIT_OUTCOME_WITH_TRACK_WITNESS,7,nexar_collision_prediction|nexar:01090.mp4|Q1|3|track:7
nexar_collision_prediction,nexar:01090.mp4,fba1834f7b522e16ec440e3ad73a8e72dc7cdd1a8478f156d1c03488cd4396d8,pool_audit,nexar:01090.mp4,Q1,3,8,2,12,12.0,0.0,3.455489545560522,0.425106448007379,2.203210251395721,0.0,0.0,0.0,0.0,0.6444444444444445,0.0,0.9743589743589743,0.5365853658536586,0.9736842105263158,0.6258145990366787,nexar_collision_prediction|nexar:01090.mp4|Q1|3,UNIT_OUTCOME_WITH_TRACK_WITNESS,8,nexar_collision_prediction|nexar:01090.mp4|Q1|3|track:8
nexar_collision_prediction,nexar:01090.mp4,fba1834f7b522e16ec440e3ad73a8e72dc7cdd1a8478f156d1c03488cd4396d8,pool_audit,nexar:01090.mp4,Q1,3,16,2,1,1.0,0.0,0.0,0.44722839647802165,0.0,0.0,0.0,0.0,0.0,0.06666666666666667,0.0,0.0,0.6341463414634146,0.0,0.14016260162601626,nexar_collision_prediction|nexar:01090.mp4|Q1|3,UNIT_OUTCOME_WITH_TRACK_WITNESS,16,nexar_collision_prediction|nexar:01090.mp4|Q1|3|track:16
nexar_collision_prediction,nexar:01090.mp4,fba1834f7b522e16ec440e3ad73a8e72dc7cdd1a8478f156d1c03488cd4396d8,pool_audit,nexar:01090.mp4,Q1,3,22,2,9,9.0,0.0,2.1465555743382914,0.3708064483243531,1.0540485330722427,0.0,0.0,0.0,0.0,0.5777777777777777,0.0,0.7435897435897436,0.2926829268292683,0.6842105263157895,0.4596521949025158,nexar_collision_prediction|nexar:01090.mp4|Q1|3,UNIT_OUTCOME_WITH_TRACK_WITNESS,22,nexar_collision_prediction|nexar:01090.mp4|Q1|3|track:22
nexar_collision_prediction,nexar:01090.mp4,fba1834f7b522e16ec440e3ad73a8e72dc7cdd1a8478f156d1c03488cd4396d8,pool_audit,nexar:01090.mp4,Q1,3,24,2,21,21.0,0.0,2.2036070520436737,0.41990489498844696,1.3122072303696022,0.0,0.0,0.0,0.0,0.8222222222222222,0.0,0.7692307692307693,0.4634146341463415,0.8157894736842105,0.5741314198567087,nexar_collision_prediction|nexar:01090.mp4|Q1|3,UNIT_OUTCOME_WITH_TRACK_WITNESS,24,nexar_collision_prediction|nexar:01090.mp4|Q1|3|track:24
nexar_collision_prediction,nexar:01090.mp4,fba1834f7b522e16ec440e3ad73a8e72dc7cdd1a8478f156d1c03488cd4396d8,pool_audit,nexar:01090.mp4,Q1,3,26,2,8,8.0,0.0,2.708536221990674,0.19328794099469324,1.6890286058724049,0.0,0.0,0.0,0.0,0.5222222222222223,0.0,0.9230769230769231,0.0975609756097561,0.9210526315789473,0.4927825504975698,nexar_collision_prediction|nexar:01090.mp4|Q1|3,UNIT_OUTCOME_WITH_TRACK_WITNESS,26,nexar_collision_prediction|nexar:01090.mp4|Q1|3|track:26
nexar_collision_prediction,nexar:01090.mp4,fba1834f7b522e16ec440e3ad73a8e72dc7cdd1a8478f156d1c03488cd4396d8,pool_audit,nexar:01090.mp4,Q1,3,31,2,20,20.0,0.0,0.7394665263278043,0.5196173106683354,0.38390186309116814,0.0,0.0,0.0,0.0,0.7777777777777778,0.0,0.3076923076923077,0.8536585365853658,0.2894736842105263,0.4457204612531955,nexar_collision_prediction|nexar:01090.mp4|Q1|3,UNIT_OUTCOME_WITH_TRACK_WITNESS,31,nexar_collision_prediction|nexar:01090.mp4|Q1|3|track:31
nexar_collision_prediction,nexar:01090.mp4,fba1834f7b522e16ec440e3ad73a8e72dc7cdd1a8478f156d1c03488cd4396d8,pool_audit,nexar:01090.mp4,Q1,3,37,2,13,13.0,0.007058978080749411,1.804008376797548,0.37948724398296474,0.929038756461601,0.0,0.0,0.0,0.0,0.6777777777777778,0.3684210526315789,0.6410256410256411,0.3170731707317073,0.6578947368421053,0.5324384758017621,nexar_collision_prediction|nexar:01090.mp4|Q1|3,UNIT_OUTCOME_WITH_TRACK_WITNESS,37,nexar_collision_prediction|nexar:01090.mp4|Q1|3|track:37
nexar_collision_prediction,nexar:01090.mp4,fba1834f7b522e16ec440e3ad73a8e72dc7cdd1a8478f156d1c03488cd4396d8,pool_audit,nexar:01090.mp4,Q1,3,49,2,17,17.0,0.010987520217895352,1.5561344969426834,0.49276884034819296,0.8506947939689874,0.0,0.0,0.0,0.0,0.7444444444444445,0.5263157894736842,0.5384615384615384,0.8048780487804879,0.5263157894736842,0.6280831221267678,nexar_collision_prediction|nexar:01090.mp4|Q1|3,UNIT_OUTCOME_WITH_TRACK_WITNESS,49,nexar_collision_prediction|nexar:01090.mp4|Q1|3|track:49
nexar_collision_prediction,nexar:01090.mp4,fba1834f7b522e16ec440e3ad73a8e72dc7cdd1a8478f156d1c03488cd4396d8,pool_audit,nexar:01090.mp4,Q2,0,28,0,1,1.0,0.0,0.0,0.2903547986967209,0.0,0.0,0.0,0.0,0.0,0.1875,0.0,0.0,0.6923076923076923,0.0,0.17596153846153845,nexar_collision_prediction|nexar:01090.mp4|Q2|0,UNIT_OUTCOME_WITH_TRACK_WITNESS,28,nexar_collision_prediction|nexar:01090.mp4|Q2|0|track:28
nexar_collision_prediction,nexar:01090.mp4,fba1834f7b522e16ec440e3ad73a8e72dc7cdd1a8478f156d1c03488cd4396d8,pool_audit,nexar:01090.mp4,Q2,1,2,0,1,1.0,0.0,0.0,0.3702083748252092,0.0,0.0,0.0,0.0,0.0,0.1875,0.0,0.0,0.8461538461538461,0.0,0.20673076923076925,nexar_collision_prediction|nexar:01090.mp4|Q2|1,UNIT_OUTCOME_WITH_TRACK_WITNESS,2,nexar_collision_prediction|nexar:01090.mp4|Q2|1|track:2
nexar_collision_prediction,nexar:01090.mp4,fba1834f7b522e16ec440e3ad73a8e72dc7cdd1a8478f156d1c03488cd4396d8,pool_audit,nexar:01090.mp4,Q2,1,3,0,2,2.0,0.001224160194396866,0.5491364826943577,0.0006298050320118423,0.28778057856199885,0.0,0.0,0.0,0.0,0.4375,0.18181818181818182,0.6666666666666666,0.07692307692307693,0.75,0.42258158508158505,nexar_collision_prediction|nexar:01090.mp4|Q2|1,UNIT_OUTCOME_WITH_TRACK_WITNESS,3,nexar_collision_prediction|nexar:01090.mp4|Q2|1|track:3
nexar_collision_prediction,nexar:01090.mp4,fba1834f7b522e16ec440e3ad73a8e72dc7cdd1a8478f156d1c03488cd4396d8,pool_audit,nexar:01090.mp4,Q2,1,6,0,6,6.0,0.017154008150100993,0.6675517478851994,0.0,0.36040249127476387,0.0,0.0,0.0,0.0,0.8541666666666666,0.9090909090909091,0.8333333333333334,0.0,0.9166666666666666,0.7026515151515151,nexar_collision_prediction|nexar:01090.mp4|Q2|1,UNIT_OUTCOME_WITH_TRACK_WITNESS,6,nexar_collision_prediction|nexar:01090.mp4|Q2|1|track:6
nexar_collision_prediction,nexar:01090.mp4,fba1834f7b522e16ec440e3ad73a8e72dc7cdd1a8478f156d1c03488cd4396d8,pool_audit,nexar:01090.mp4,Q2,1,12,0,3,3.0,0.004018962383270389,0.3110395851503157,0.07716162816078097,0.16098721721133366,0.0,0.0,0.0,0.0,0.5833333333333334,0.45454545454545453,0.3333333333333333,0.46153846153846156,0.3333333333333333,0.43321678321678325,nexar_collision_prediction|nexar:01090.mp4|Q2|1,UNIT_OUTCOME_WITH_TRACK_WITNESS,12,nexar_collision_prediction|nexar:01090.mp4|Q2|1|track:12
nexar_collision_prediction,nexar:01090.mp4,fba1834f7b522e16ec440e3ad73a8e72dc7cdd1a8478f156d1c03488cd4396d8,pool_audit,nexar:01090.mp4,Q2,1,13,0,1,1.0,0.0,0.0,0.0,0.0,0.0,0.0,0.0,0.0,0.1875,0.0,0.0,0.0,0.0,0.0375,nexar_collision_prediction|nexar:01090.mp4|Q2|1,UNIT_OUTCOME_WITH_TRACK_WITNESS,13,nexar_collision_prediction|nexar:01090.mp4|Q2|1|track:13
nexar_collision_prediction,nexar:01090.mp4,fba1834f7b522e16ec440e3ad73a8e72dc7cdd1a8478f156d1c03488cd4396d8,pool_audit,nexar:01090.mp4,Q2,1,28,0,2,2.0,0.0,0.26823975761768065,0.3498468938700171,0.11824416143245285,0.0,0.0,0.0,0.0,0.4375,0.0,0.16666666666666666,0.7692307692307693,0.16666666666666666,0.30801282051282053,nexar_collision_prediction|nexar:01090.mp4|Q2|1,UNIT_OUTCOME_WITH_TRACK_WITNESS,28,nexar_collision_prediction|nexar:01090.mp4|Q2|1|track:28
nexar_collision_prediction,nexar:01090.mp4,fba1834f7b522e16ec440e3ad73a8e72dc7cdd1a8478f156d1c03488cd4396d8,pool_audit,nexar:01090.mp4,Q2,1,42,0,7,7.0,0.08177781105041555,0.710667444467039,0.643891341320543,0.32763846590588214,0.0,0.0,0.0,0.0,0.9166666666666666,1.0,0.9166666666666666,0.9230769230769231,0.8333333333333334,0.9179487179487179,nexar_collision_prediction|nexar:01090.mp4|Q2|1,UNIT_OUTCOME_WITH_TRACK_WITNESS,42,nexar_collision_prediction|nexar:01090.mp4|Q2|1|track:42
nexar_collision_prediction,nexar:01090.mp4,fba1834f7b522e16ec440e3ad73a8e72dc7cdd1a8478f156d1c03488cd4396d8,pool_audit,nexar:01090.mp4,Q2,1,59,0,5,5.0,0.0,0.37681630189793835,0.06677137917111384,0.19533670630067865,0.0,0.0,0.0,0.0,0.7708333333333334,0.0,0.5,0.38461538461538464,0.5,0.4310897435897436,nexar_collision_prediction|nexar:01090.mp4|Q2|1,UNIT_OUTCOME_WITH_TRACK_WITNESS,59,nexar_collision_prediction|nexar:01090.mp4|Q2|1|track:59
nexar_collision_prediction,nexar:01090.mp4,fba1834f7b522e16ec440e3ad73a8e72dc7cdd1a8478f156d1c03488cd4396d8,pool_audit,nexar:01090.mp4,Q2,1,62,0,4,4.0,0.0,0.5743449792938262,0.024177772391562435,0.2847417368644686,0.0,0.0,0.0,0.0,0.6875,0.0,0.75,0.23076923076923078,0.6666666666666666,0.4669871794871795,nexar_collision_prediction|nexar:01090.mp4|Q2|1,UNIT_OUTCOME_WITH_TRACK_WITNESS,62,nexar_collision_prediction|nexar:01090.mp4|Q2|1|track:62
nexar_collision_prediction,nexar:01090.mp4,fba1834f7b522e16ec440e3ad73a8e72dc7cdd1a8478f156d1c03488cd4396d8,pool_audit,nexar:01090.mp4,Q2,1,63,0,1,1.0,0.0,0.0,0.0,0.0,0.0,0.0,0.0,0.0,0.1875,0.0,0.0,0.0,0.0,0.0375,nexar_collision_prediction|nexar:01090.mp4|Q2|1,UNIT_OUTCOME_WITH_TRACK_WITNESS,63,nexar_collision_prediction|nexar:01090.mp4|Q2|1|track:63
nexar_collision_prediction,nexar:01090.mp4,fba1834f7b522e16ec440e3ad73a8e72dc7cdd1a8478f156d1c03488cd4396d8,pool_audit,nexar:01090.mp4,Q2,1,68,0,1,1.0,0.0,0.0,0.0,0.0,0.0,0.0,0.0,0.0,0.1875,0.0,0.0,0.0,0.0,0.0375,nexar_collision_prediction|nexar:01090.mp4|Q2|1,UNIT_OUTCOME_WITH_TRACK_WITNESS,68,nexar_collision_prediction|nexar:01090.mp4|Q2|1|track:68
nexar_collision_prediction,nexar:01090.mp4,fba1834f7b522e16ec440e3ad73a8e72dc7cdd1a8478f156d1c03488cd4396d8,pool_audit,nexar:01090.mp4,Q2,2,2,0,6,6.0,0.004116058349609723,0.0,0.01566346547519066,0.0,0.0,0.0,0.0,0.0,0.8541666666666666,0.5454545454545454,0.0,0.15384615384615385,0.0,0.3106934731934731,nexar_collision_prediction|nexar:01090.mp4|Q2|2,UNIT_OUTCOME_WITH_TRACK_WITNESS,2,nexar_collision_prediction|nexar:01090.mp4|Q2|2|track:2
nexar_collision_prediction,nexar:01090.mp4,fba1834f7b522e16ec440e3ad73a8e72dc7cdd1a8478f156d1c03488cd4396d8,pool_audit,nexar:01090.mp4,Q2,2,4,0,5,5.0,0.0,0.28017626010248015,0.0,0.1343703465073384,0.0,0.0,0.0,0.0,0.7708333333333334,0.0,0.25,0.0,0.25,0.2541666666666667,nexar_collision_prediction|nexar:01090.mp4|Q2|2,UNIT_OUTCOME_WITH_TRACK_WITNESS,4,nexar_collision_prediction|nexar:01090.mp4|Q2|2|track:4
nexar_collision_prediction,nexar:01090.mp4,fba1834f7b522e16ec440e3ad73a8e72dc7cdd1a8478f156d1c03488cd4396d8,pool_audit,nexar:01090.mp4,Q2,2,5,0,18,18.0,0.0,0.7832271877245248,0.7164000693196108,0.41521572228209197,0.0,0.0,0.0,0.0,0.9583333333333334,0.0,1.0,1.0,1.0,0.7916666666666667,nexar_collision_prediction|nexar:01090.mp4|Q2|2,UNIT_OUTCOME_WITH_TRACK_WITNESS,5,nexar_collision_prediction|nexar:01090.mp4|Q2|2|track:5
nexar_collision_prediction,nexar:01090.mp4,fba1834f7b522e16ec440e3ad73a8e72dc7cdd1a8478f156d1c03488cd4396d8,pool_audit,nexar:01090.mp4,Q2,2,6,0,21,21.0,0.01168191432952885,0.34266318307441945,0.1313096043519019,0.1663885762438504,0.0,0.0,0.0,0.0,1.0,0.6363636363636364,0.4166666666666667,0.6153846153846154,0.4166666666666667,0.617016317016317,nexar_collision_prediction|nexar:01090.mp4|Q2|2,UNIT_OUTCOME_WITH_TRACK_WITNESS,6,nexar_collision_prediction|nexar:01090.mp4|Q2|2|track:6
nexar_collision_prediction,nexar:01090.mp4,fba1834f7b522e16ec440e3ad73a8e72dc7cdd1a8478f156d1c03488cd4396d8,pool_audit,nexar:01090.mp4,Q2,2,11,0,3,3.0,0.0012675831094384126,0.046630892747311296,0.0,0.012624529134271706,0.0,0.0,0.0,0.0,0.5833333333333334,0.36363636363636365,0.08333333333333333,0.0,0.08333333333333333,0.22272727272727272,nexar_collision_prediction|nexar:01090.mp4|Q2|2,UNIT_OUTCOME_WITH_TRACK_WITNESS,11,nexar_collision_prediction|nexar:01090.mp4|Q2|2|track:11
nexar_collision_prediction,nexar:01090.mp4,fba1834f7b522e16ec440e3ad73a8e72dc7cdd1a8478f156d1c03488cd4396d8,pool_audit,nexar:01090.mp4,Q2,2,17,0,2,2.0,0.0012420754541050208,0.0,0.0,0.0,0.0,0.0,0.0,0.0,0.4375,0.2727272727272727,0.0,0.0,0.0,0.14204545454545453,nexar_collision_prediction|nexar:01090.mp4|Q2|2,UNIT_OUTCOME_WITH_TRACK_WITNESS,17,nexar_collision_prediction|nexar:01090.mp4|Q2|2|track:17
nexar_collision_prediction,nexar:01090.mp4,fba1834f7b522e16ec440e3ad73a8e72dc7cdd1a8478f156d1c03488cd4396d8,pool_audit,nexar:01090.mp4,Q2,2,41,0,1,1.0,0.0,0.0,0.0,0.0,0.0,0.0,0.0,0.0,0.1875,0.0,0.0,0.0,0.0,0.0375,nexar_collision_prediction|nexar:01090.mp4|Q2|2,UNIT_OUTCOME_WITH_TRACK_WITNESS,41,nexar_collision_prediction|nexar:01090.mp4|Q2|2|track:41
nexar_collision_prediction,nexar:01090.mp4,fba1834f7b522e16ec440e3ad73a8e72dc7cdd1a8478f156d1c03488cd4396d8,pool_audit,nexar:01090.mp4,Q2,2,57,0,4,4.0,0.013820409774779966,0.4622267561195843,0.0,0.24142090955432496,0.0,0.0,0.0,0.0,0.6875,0.8181818181818182,0.5833333333333334,0.0,0.5833333333333334,0.534469696969697,nexar_collision_prediction|nexar:01090.mp4|Q2|2,UNIT_OUTCOME_WITH_TRACK_WITNESS,57,nexar_collision_prediction|nexar:01090.mp4|Q2|2|track:57
nexar_collision_prediction,nexar:01090.mp4,fba1834f7b522e16ec440e3ad73a8e72dc7cdd1a8478f156d1c03488cd4396d8,pool_audit,nexar:01090.mp4,Q2,2,59,0,1,1.0,0.0,0.0,0.028357718830035756,0.0,0.0,0.0,0.0,0.0,0.1875,0.0,0.0,0.3076923076923077,0.0,0.09903846153846155,nexar_collision_prediction|nexar:01090.mp4|Q2|2,UNIT_OUTCOME_WITH_TRACK_WITNESS,59,nexar_collision_prediction|nexar:01090.mp4|Q2|2|track:59
nexar_collision_prediction,nexar:01090.mp4,fba1834f7b522e16ec440e3ad73a8e72dc7cdd1a8478f156d1c03488cd4396d8,pool_audit,nexar:01090.mp4,Q2,2,60,0,3,3.0,0.012345790863037042,0.0,0.0,0.0,0.0,0.0,0.0,0.0,0.5833333333333334,0.7272727272727273,0.0,0.0,0.0,0.2621212121212121,nexar_collision_prediction|nexar:01090.mp4|Q2|2,UNIT_OUTCOME_WITH_TRACK_WITNESS,60,nexar_collision_prediction|nexar:01090.mp4|Q2|2|track:60
nexar_collision_prediction,nexar:01090.mp4,fba1834f7b522e16ec440e3ad73a8e72dc7cdd1a8478f156d1c03488cd4396d8,pool_audit,nexar:01090.mp4,Q2,2,63,0,2,2.0,0.00017547607421841756,0.0,0.11436799438401062,0.0,0.0,0.0,0.0,0.0,0.4375,0.09090909090909091,0.0,0.5384615384615384,0.0,0.21337412587412588,nexar_collision_prediction|nexar:01090.mp4|Q2|2,UNIT_OUTCOME_WITH_TRACK_WITNESS,63,nexar_collision_prediction|nexar:01090.mp4|Q2|2|track:63
nexar_collision_prediction,nexar:01090.mp4,fba1834f7b522e16ec440e3ad73a8e72dc7cdd1a8478f156d1c03488cd4396d8,pool_audit,nexar:01090.mp4,Q2,2,66,0,1,1.0,0.0,0.0,0.0,0.0,0.0,0.0,0.0,0.0,0.1875,0.0,0.0,0.0,0.0,0.0375,nexar_collision_prediction|nexar:01090.mp4|Q2|2,UNIT_OUTCOME_WITH_TRACK_WITNESS,66,nexar_collision_prediction|nexar:01090.mp4|Q2|2|track:66
